Issue Id,Issue Type,Summary,Description,Acceptance Criteria,Priority,Story Points,Epic Name,Labels,Requirements
US-01,Story,A guided requisition form with mandatory fields and budget codes,"As a requester, I want a guided requisition form with mandatory fields and budget codes, so that I do not have to resubmit my request.","- Given a required field is empty, when I try to submit, then the form blocks submission and highlights the field.
- Given I have selected a cost centre, then only budget codes valid for that cost centre are shown.",Highest,5,Requisition,MoSCoW-Must,"FR-01, FR-02"
US-02,Story,Requisitions to route to the right approver automatically by value threshold and category,"As a procurement officer, I want requisitions to route to the right approver automatically by value threshold and category, so that I no longer chase approvals by email.","- Given a requisition exceeds an approval threshold, when it is approved at one level, then it routes to the next level automatically.
- Every approval records the approver, timestamp and decision.",Highest,8,Approval,MoSCoW-Must,"BR-01, FR-03"
US-03,Story,The system to block POs to any supplier whose due diligence documents are not verified,"As a compliance officer, I want the system to block POs to any supplier whose due diligence documents are not verified, so that we never pay an unvetted supplier.","- Given a supplier's status is Pending, when a PO is raised for that supplier, then the system blocks it and shows which documents are missing.",Highest,5,Supplier onboarding,MoSCoW-Must,"BR-02, FR-06"
US-04,Story,Invoices matched automatically to POs and goods receipts,"As a accounts payable officer, I want invoices matched automatically to POs and goods receipts, so that I only handle real exceptions.","- Given the invoice, PO and receipt match within tolerance, then the invoice is marked ready for payment.
- Given a mismatch, then the invoice goes to the exception queue with the reason.",Highest,8,Invoice to pay,MoSCoW-Must,"BR-03, FR-09"
US-05,Story,A standard onboarding checklist and alerts before documents expire,"As a compliance officer, I want a standard onboarding checklist and alerts before documents expire, so that supplier files stay complete without manual tracking.","- Given a new supplier, then all checklist documents must be uploaded before status can be set to Verified.
- Given a document expires in 30 days, then compliance receives a notification.",High,5,Supplier onboarding,MoSCoW-Should,"BR-02, FR-07"
US-06,Story,To see remaining budget next to each request,"As a budget holder, I want to see remaining budget next to each request, so that I can decide without asking finance.","- Given a requisition assigned to me, when I open it, then I see the cost centre, budget remaining and request value.
- Given approving would exceed budget, then I must enter a reason to approve.",High,3,Approval,MoSCoW-Should,FR-04
US-07,Story,"A complete, uneditable history of each purchase","As a internal auditor, I want a complete, uneditable history of each purchase, so that I can evidence controls without rebuilding email trails.","- Given any requisition, PO or invoice, then I can view every action with user, timestamp and before/after values.
- No user, including administrators, can edit or delete audit entries.",Highest,5,Controls,MoSCoW-Must,"BR-01, NFR-01, NFR-03"
US-08,Story,Stalled approvals to escalate automatically,"As a requester, I want stalled approvals to escalate automatically, so that my request does not wait while an approver is away.","- Given an approval has not been actioned for 2 working days, then it is sent to the approver's delegate and the requester is notified.",High,3,Approval,MoSCoW-Should,FR-05
US-09,Story,To confirm receipt of goods against the PO in the system,"As a requester, I want to confirm receipt of goods against the PO in the system, so that finance can match and pay the invoice.","- Given goods arrive, when I record the received quantity against the PO, then a goods receipt is created and linked to the PO.",Highest,2,Invoice to pay,MoSCoW-Must,FR-08
US-10,Story,To see where my requisition is,"As a requester, I want to see where my requisition is, so that I do not have to email procurement for updates.","- Given I open my requisitions, then each shows its current stage and who it is waiting on.",Medium,3,Requisition,MoSCoW-Could,FR-10
US-11,Story,A monthly report of P2P performance,"As a head of procurement, I want a monthly report of P2P performance, so that I can show the process is under control.","- The report shows requisition-to-PO cycle time, first-time-complete rate, first-time match rate and spend with unverified suppliers (which must be zero).",High,5,Reporting,MoSCoW-Should,FR-11
US-12,Story,Segregation of duties enforced by the system,"As a compliance officer, I want segregation of duties enforced by the system, so that no single person can complete a purchase alone.","- Given I raised a requisition, then I cannot approve it.
- Given I created a supplier, then I cannot approve payments to that supplier.",Highest,5,Controls,MoSCoW-Must,NFR-02
